language_code,language,app_name,short_description,full_description
id,Indonesian,Afterlife Bureaucracy: Idle,"Tycoon idle akhirat: cap jiwa, rekrut reaper, panen cuan meski offline.","Kematian bukan akhir. Itu cuma formulir masuk. Afterlife Bureaucracy adalah game idle clicker yang lucu, tempat kamu menjalankan birokrasi langit dan neraka: cap jiwa, rekrut staf chibi, buka Surga dan Neraka, lalu bangun kerajaan kantor yang terus menghasilkan cuan walau kamu sedang offline.

TAP, LALU BIARKAN KANTOR BEKERJA
Tap stempel untuk memproses jiwa secara manual dan dapatkan Kredit Karma. Rekrut Dave si reaper lembur, Seraphine si malaikat magang, dan Gary si setan intern yang ikut serikat pekerja — mereka bakal terus mencap jiwa buat kamu. Setiap staf punya bar kecepatan dan target ""x2 di"", jadi kamu selalu tahu rekrutan berikutnya buat apa. Lihat angka melesat dari ribuan sampai kuadriliun, khas game idle yang bikin ketagihan.

SETIAP JIWA PUNYA CERITA
Nenek-nenek, pegolf, bapak yang manasin ikan di microwave kantor, sampai anjing corgi yang kelewat sering ngejar mobil pos. Lebih dari 250 jiwa antre di mejamu, masing-masing punya wajah, sebab kematian, dan permintaan sendiri. Beberapa di antaranya hewan peliharaan. Semuanya pengen kursi terbaik.

ENAM DEPARTEMEN UNTUK DIBUKA
Intake, Penerimaan Surga, Kepatuhan Neraka, Meja Reinkarnasi, Arsip Limbo, dan satu lantai tambahan yang bahkan nggak diakui struktur organisasi. Surga bersinar lembut, Neraka berkedip dengan lentera dan bara api, dan tiap departemen punya staf, upgrade, serta opini masing-masing soal departemen lain.

PRESTIGE: AJUKAN AUDIT, MULAI LEBIH NGEBUT
Saat tahun fiskal ditutup, ajukan Audit. Kantor direset, kamu dapat Segel Departemen, lalu belanjakan di Buku Besar Perk buat bonus permanen. Tiap sesi baru jadi lebih cepat dari sebelumnya. Belakangan, Restrukturisasi Kosmik bakal ubah total aturan mainnya.

KUMPULKAN 30 KARTU PERSONEL
Belanjakan Voucher Requisisi buat kartu staf, dari level Temp sampai Eksekutif. Kartu duplikat naikin bintang sampai maksimal lima, dan staf yang kamu pasang bakal ngalikan semua penghasilanmu. Kartu maksimal yang dobel bisa ditukar buat peluang dapat rarity lebih tinggi. Ada satu gacha gratis tiap hari, dan semua peluangnya dipublikasikan di dalam game.

CUAN JALAN TERUS, WALAU KAMU LAGI TIDUR
Tutup aplikasinya, staf tetap kerja offline. Balik lagi, kamu bakal dapat Laporan Tunggakan Semalam — tumpukan jiwa yang udah diproses, plus opsi iklan buat gandain hasilnya. Misi harian, login beruntun, dan 80 achievement bikin kerjaan kantor nggak pernah habis.

MAIN SESUKAMU
- Ritme game idle yang nggak makan waktu: beberapa menit sehari udah cukup
- Penghasilan offline dengan batas yang bisa di-upgrade
- Login Google opsional dengan cloud save, jadi mejamu ikut pindah ke HP baru
- Achievement Play Games dan leaderboard total jiwa seumur hidup
- Tema terang dan gelap
- Cuma rewarded ads. Nggak ada banner, nggak ada interstitial, nggak ada yang motong asyiknya nyetempel
- Pembelian bersifat opsional; semua isi game bisa didapat gratis dengan main biasa

Game tycoon kantor yang cozy dan satir, buat penggemar game idle, clicker, dan incremental. Antrean udah ngular sampai luar pintu dan keabadian tetap jalan terus. Ambil nomor antrean, absen, terus mulai nyetempel."
th,Thai,Afterlife Bureaucracy: Idle,เกมไอเดิลออฟฟิศนรก-สวรรค์ ปั๊มดวงวิญญาณ จ้าง Reaper หาเงินได้แม้ออฟไลน์,"ความตายไม่ใช่จุดจบ มันคือแบบฟอร์มลงทะเบียนเข้าใหม่ Afterlife Bureaucracy คือเกมไอเดิลคลิกเกอร์สุดน่ารักที่ให้คุณบริหารระบบราชการแห่งปรโลก ปั๊มตราดวงวิญญาณ จ้างพนักงานตัวจิ๋ว ปลดล็อกสวรรค์และนรก แล้วสร้างอาณาจักรออฟฟิศที่สร้างรายได้ต่อเนื่องแม้ตอนคุณไม่ได้เล่น

แตะแล้วปล่อยให้ออฟฟิศทำงานต่อ
แตะตราประทับเพื่อประมวลผลดวงวิญญาณด้วยมือและรับ เครดิตกรรม จ้าง Dave ยมทูตขยันโอที, Seraphine นางฟ้าฝึกงาน และ Gary ปีศาจฝึกงานสายสหภาพแรงงาน พวกเขาจะปั๊มตราต่อให้คุณเอง พนักงานแต่ละคนมีแถบความเร็วและเป้าหมาย ""x2 ที่"" ให้เห็นชัดว่ารับคนต่อไปแล้วได้อะไร ดูตัวเลขไต่จากหลักพันไปถึงหลักควอดริลเลียน สไตล์เกมไอเดิลที่เล่นแล้วเพลิน

ทุกดวงวิญญาณมีเรื่องราว
คุณยาย นักกอล์ฟ ลุงที่อุ่นปลาในไมโครเวฟออฟฟิศ ไปจนถึงหมาคอร์กี้ที่วิ่งไล่รถไปรษณีย์บ่อยไปหน่อย มีดวงวิญญาณกว่า 250 แบบมาต่อคิวที่โต๊ะคุณ แต่ละดวงมีหน้าตา สาเหตุการตาย และคำขอของตัวเอง บางตัวก็เป็นสัตว์เลี้ยง แต่ทุกตัวอยากได้ที่นั่งดีๆ ทั้งนั้น

หกแผนกให้ปลดล็อก
Intake, ฝ่ายรับเข้าสวรรค์, ฝ่ายตรวจสอบนรก, แผนกเกิดใหม่, หอทะเบียนลิมโบ และอีกหนึ่งแผนกลับที่ผังองค์กรไม่ยอมรับ สวรรค์เปล่งแสงนุ่มนวล นรกสว่างวูบวาบด้วยตะเกียงและถ่านไฟ แต่ละแผนกมีพนักงาน อัปเกรด และความเห็นต่อแผนกอื่นเป็นของตัวเอง

เพรสทีจ: ยื่น Audit เริ่มใหม่ให้เร็วขึ้น
เมื่อปีงบประมาณปิดบัญชี ให้ยื่น Audit ออฟฟิศจะรีเซ็ต คุณได้ ตราประทับแผนก มาสะสม แล้วนำไปใช้ใน บัญชีเพิร์ก เพื่อแลกโบนัสถาวร ทุกรอบใหม่จะไวกว่ารอบก่อนเสมอ ภายหลังปลดล็อก การปรับโครงสร้างจักรวาล ที่เขียนกฎของเกมใหม่ทั้งหมด

สะสมการ์ดพนักงาน 30 ใบ
ใช้ บัตรกำนัลจัดซื้อ สุ่มการ์ดพนักงานตั้งแต่ระดับ Temp ถึง Executive การ์ดซ้ำจะอัปดาวได้สูงสุดห้าดาว และพนักงานที่ติดตั้งจะคูณรายได้ทุกอย่างของคุณ การ์ดซ้ำของใบที่เต็มดาวแล้วแลกเป็นโอกาสสุ่มได้แรร์ริตี้สูงขึ้นได้ สุ่มฟรีวันละครั้ง และอัตราความน่าจะเป็นทั้งหมดเปิดเผยในเกม

หาเงินได้แม้ตอนคุณหลับ
ปิดแอปแล้วพนักงานยังทำงานออฟไลน์ต่อ กลับมาเจอ รายงานงานค้างคืน กองดวงวิญญาณที่ประมวลผลแล้ว พร้อมตัวเลือกดูโฆษณาเพื่อเพิ่มเป็นสองเท่า ภารกิจรายวัน สถิติล็อกอินต่อเนื่อง และความสำเร็จ 80 รายการ ทำให้งานเอกสารไม่มีวันหมด

เล่นในสไตล์ของคุณ
- จังหวะเกมไอเดิลที่ไม่กินเวลา เล่นแค่ไม่กี่นาทีต่อวันก็พอ
- รายได้ออฟไลน์ที่อัปเกรดเพดานได้
- ล็อกอิน Google แบบไม่บังคับพร้อมคลาวด์เซฟ โต๊ะทำงานตามคุณไปทุกเครื่อง
- ความสำเร็จ Play Games และลีดเดอร์บอร์ดยอดดวงวิญญาณสะสม
- ธีมสว่างและธีมมืด
- มีแค่โฆษณาแบบรับรางวัลเท่านั้น ไม่มีแบนเนอร์ ไม่มีอินเตอร์สทิเชียลมาขัดจังหวะการปั๊มตรา
- การซื้อในเกมเป็นตัวเลือกเสริม ทุกอย่างในเกมเล่นเอาได้ฟรีอยู่แล้ว

เกมทวยคูนออฟฟิศแนวคอซี่และเสียดสี สำหรับสายเกมไอเดิล คลิกเกอร์ และอินคริเมนทัล คิวยาวออกไปนอกประตูและความเป็นนิรันดร์ก็เดินหน้าต่อไม่หยุด หยิบบัตรคิว เข้างาน แล้วเริ่มปั๊มตราได้เลย"
vi,Vietnamese,Afterlife Bureaucracy: Idle,"Tycoon idle cõi âm: đóng dấu linh hồn, tuyển reaper, kiếm tiền cả khi offline.","Cái chết không phải là dấu chấm hết. Nó chỉ là một tờ khai nhập cảnh. Afterlife Bureaucracy là game idle clicker dễ thương, nơi bạn điều hành bộ máy hành chính của cõi âm: đóng dấu linh hồn, tuyển nhân viên chibi, mở khóa Thiên Đàng và Địa Ngục, rồi xây dựng cả một đế chế văn phòng vẫn kiếm tiền đều đều dù bạn đang offline.

CHẠM, RỒI ĐỂ VĂN PHÒNG TỰ VẬN HÀNH
Chạm vào con dấu để xử lý linh hồn bằng tay và kiếm Tín Dụng Nghiệp. Tuyển Dave — tử thần tăng ca, Seraphine — thiên thần thực tập, và Gary — quỷ thực tập có công đoàn, họ sẽ đóng dấu thay bạn. Mỗi nhân viên có thanh tốc độ riêng và mốc ""x2 tại"", nên bạn luôn biết lần tuyển dụng tiếp theo đáng giá gì. Nhìn con số leo từ hàng nghìn lên hàng triệu tỷ, đúng chất một game incremental hay.

MỖI LINH HỒN LÀ MỘT CÂU CHUYỆN
Các bà cụ, dân chơi golf, ông chú hâm cá trong lò vi sóng văn phòng, và một chú chó corgi rượt xe bưu tá hơi nhiều lần. Hơn 250 linh hồn xếp hàng ở bàn bạn, mỗi người một gương mặt, một nguyên nhân qua đời và một yêu cầu riêng. Vài linh hồn là thú cưng. Tất cả đều muốn chỗ ngồi đẹp.

SÁU PHÒNG BAN CẦN MỞ KHÓA
Tiếp Nhận, Phòng Duyệt Thiên Đàng, Phòng Tuân Thủ Địa Ngục, Bàn Đầu Thai, Kho Hồ Sơ Luyện Ngục, và một phòng phụ mà sơ đồ tổ chức không thừa nhận. Thiên Đàng tỏa nắng dịu nhẹ, Địa Ngục lập lòe ánh đèn lồng và than hồng, mỗi phòng ban có nhân viên, nâng cấp và ý kiến riêng về các phòng khác.

PRESTIGE: NỘP KIỂM TOÁN, KHỞI ĐẦU NHANH HƠN
Khi năm tài chính khép lại, hãy nộp một cuộc Kiểm Toán. Văn phòng reset, bạn nhận Con Dấu Phòng Ban, rồi dùng chúng trong Sổ Cái Đặc Quyền để đổi lấy bonus vĩnh viễn. Mỗi lượt chơi mới đều nhanh hơn lượt trước. Về sau, Tái Cơ Cấu Vũ Trụ sẽ viết lại toàn bộ luật chơi.

SƯU TẦM 30 THẺ NHÂN SỰ
Dùng Phiếu Yêu Cầu Vật Tư để quay thẻ nhân viên, từ Thời Vụ đến Điều Hành. Thẻ trùng giúp nâng sao tối đa năm sao, và nhân viên đã trang bị sẽ nhân toàn bộ thu nhập của bạn. Thẻ dư của một thẻ đã full sao có thể đổi lấy cơ hội ra thẻ hiếm hơn. Có một lượt quay miễn phí mỗi ngày, và tỷ lệ đầy đủ được công khai ngay trong game.

KIẾM TIỀN OFFLINE, KỂ CẢ KHI BẠN NGỦ
Tắt app thì nhân viên vẫn làm việc offline. Quay lại, bạn sẽ thấy Báo Cáo Tồn Đọng Qua Đêm — một đống linh hồn đã xử lý, cùng lựa chọn xem quảng cáo để nhân đôi. Nhiệm vụ hằng ngày, chuỗi đăng nhập và 80 thành tựu khiến giấy tờ không bao giờ hết việc.

CHƠI THEO CÁCH CỦA BẠN
- Nhịp độ idle không ngốn thời gian: vài phút mỗi ngày là đủ
- Thu nhập offline với giới hạn có thể nâng cấp
- Đăng nhập Google tùy chọn kèm lưu trữ đám mây, bàn làm việc theo bạn sang máy mới
- Thành tựu Play Games và bảng xếp hạng tổng số linh hồn
- Giao diện sáng và tối
- Chỉ có quảng cáo có thưởng. Không banner, không interstitial, không gì ngắt quãng lúc đóng dấu
- Mua trong game là tùy chọn; mọi thứ đều có thể kiếm được miễn phí khi chơi

Một game tycoon văn phòng ấm cúng và châm biếm, dành cho fan của game idle, clicker và incremental. Hàng người đã xếp ra tới cửa và sự vĩnh hằng vẫn đang tính giờ. Lấy số thứ tự, chấm công, rồi bắt đầu đóng dấu thôi."
ja-JP,Japanese,Afterlife Bureaucracy: 放置ゲーム,死後の世界を経営する放置クリッカーゲーム。魂にハンコを押し、死神を雇い、オフラインでも稼ぐ。,"死は終わりではない。それは入国審査の始まりだ。Afterlife Bureaucracyは、あなたが天界の役所を切り盛りするコージー系放置クリッカーゲーム。魂にハンコを押し、ちびキャラの職員を雇い、天国と地獄を解放しながらオフィス帝国を育てよう。留守中も勝手に稼いでくれる。

【スタンプを押せば、あとはオフィス任せ】
スタンプをタップして魂を手作業で処理し、カルマクレジットを稼ごう。残業担当の死神Dave、臨時の天使Seraphine、労働組合員の悪魔インターンGaryを雇えば、あなたの代わりにハンコを押し続けてくれる。スタッフには速度バーと「次の倍率」の目安が表示されるから、次に何を雇うべきか一目瞭然。数字は数千から数京(けい)まで、良い放置ゲームらしくどんどん膨れ上がっていく。

【魂ひとつひとつに物語あり】
おばあちゃん、ゴルファー、オフィスの電子レンジで魚を温めた男、郵便配達車を追いかけすぎた柴犬。250体以上の魂があなたの窓口に並び、それぞれに顔と死因と要望がある。中にはペットも混じっている。みんな良い席を狙っている。

【解放せよ、六つの部署】
受付窓口、天国審査部、地獄コンプライアンス部、輪廻転生窓口、辺獄記録課、そして組織図にすら載っていない別館。天国は柔らかな陽光に包まれ、地獄はランタンと残り火が揺れる。各部署には専属スタッフとアップグレード、そして他部署への言い分がある。

【監査を申請すれば、次の周回はもっと速い】
決算期が来たら監査を申請しよう。オフィスはリセットされるが、代わりに部門印章を獲得でき、特典台帳で恒久ボーナスに交換できる。周回のたびに前回よりスピードアップ。やがて宇宙再編が、ゲームのルールそのものを書き換えていく。

【集めよう、30種の人事カード】
調達バウチャーを使って、臨時職員から幹部まで人事カードを引こう。同じカードが重なれば★5までレベルアップし、装備したスタッフは獲得量すべてを倍増させてくれる。★5になった余りのカードは、より高いレアリティを狙う交換素材にもなる。1日1回の無料ガチャがあり、確率はアプリ内ですべて公開されている。

【眠っていてもオフラインで稼ぐ】
アプリを閉じても、スタッフはオフラインで働き続ける。戻ってくれば夜間滞留報告書が待っていて、処理済みの魂の山と、それを2倍にできる任意の広告が用意されている。デイリータスク、ログインボーナス、80種の実績が、紙の山を絶やさない。

【あなた次第の遊び方】
- 時間を尊重するテンポの放置ゲーム。1日数分でも十分
- アップグレード可能な上限つきのオフライン収益
- 任意のGoogleサインインとクラウドセーブで、機種変更しても続きから
- Play Games実績と、通算処理数を競うリーダーボード
- ライトテーマとダークテーマ
- リワード広告のみ。バナーもインタースティシャルも、スタンプを邪魔するものは一切なし
- 課金は任意。ゲーム内のすべては遊んでいれば手に入る

天国と地獄をめぐる、コージーで風刺のきいたオフィス経営放置クリッカー。行列はドアの外まで続き、永遠の時計は止まらない。番号札を取って、タイムカードを押して、ハンコを押し始めよう。"
ko-KR,Korean,Afterlife Bureaucracy: 방치형,"사후세계 방치형 클리커 타이쿤. 영혼에 도장 찍고, 저승사자 고용해 오프라인에도 수익을 벌자.","죽음은 끝이 아니다. 입국 심사의 시작일 뿐. Afterlife Bureaucracy는 천상의 관공서를 운영하는 아기자기하고 풍자 가득한 방치형 클리커 게임이다. 영혼에 도장을 찍고, 귀여운 직원들을 고용하고, 천국과 지옥을 해금하며 자리를 비운 사이에도 계속 돈을 벌어주는 오피스 제국을 키워보자.

【도장을 찍어라, 나머지는 사무실이 알아서】
도장을 탭해 영혼을 직접 처리하고 카르마 크레딧을 벌자. 야근 전담 저승사자 Dave, 임시직 천사 Seraphine, 노조에 가입한 악마 인턴 Gary를 고용하면 당신 대신 계속 도장을 찍어준다. 모든 직원에게는 속도 게이지와 ""다음 2배 지점""이 표시되어, 다음엔 무엇을 고용해야 할지 항상 알 수 있다. 숫자는 수천에서 수경(京) 단위까지, 좋은 방치형 게임답게 치솟는다.

【모든 영혼에는 사연이 있다】
할머니들, 골퍼, 사무실 전자레인지에 생선을 데운 남자, 우편배달차를 한 번 너무 많이 쫓아간 강아지. 250개가 넘는 영혼이 당신의 창구 앞에 줄을 선다. 저마다 얼굴과 사인, 요청 사항이 있다. 그중 일부는 반려동물이다. 모두가 좋은 자리를 원한다.

【해금할 여섯 개의 부서】
접수처, 천국 심사부, 지옥 준법감시부, 환생 창구, 림보 기록과, 그리고 조직도에도 없는 별관 하나. 천국은 부드러운 햇살로 빛나고, 지옥은 랜턴과 잉걸불로 일렁인다. 부서마다 고유한 직원과 업그레이드, 그리고 다른 부서에 대한 나름의 불만이 있다.

【승급의 비결: 감사를 신청하고 더 빠르게 시작하라】
회계연도가 끝나면 감사를 신청하자. 사무실은 초기화되지만 부서 직인을 획득하고, 이를 특전 장부에서 영구 보너스로 교환할 수 있다. 매 회차는 이전보다 빨라진다. 나중에는 우주적 구조조정이 게임의 규칙 자체를 다시 쓴다.

【인사 카드 30종을 모아라】
조달 상품권으로 임시직부터 임원급까지 직원 카드를 뽑아보자. 카드가 중복되면 최대 5성까지 레벨업하며, 장착한 직원은 모든 수익을 배가시킨다. 만렙 카드의 남는 사본은 더 높은 등급을 노리는 교환 재료로 쓸 수 있다. 하루 한 번 무료 뽑기가 있고, 모든 확률은 앱 안에 공개되어 있다.

【잠든 사이에도 오프라인으로 수익을】
앱을 꺼도 직원들은 오프라인으로 계속 일한다. 돌아오면 야간 적체 보고서가 기다리고 있다. 처리된 영혼 더미와, 이를 2배로 만들어주는 선택적 광고가 함께 온다. 데일리 과제, 출석 연속 기록, 80종의 업적이 서류 작업을 끊이지 않게 해준다.

【당신 방식대로 플레이하라】
- 시간을 존중하는 방치형 게임 템포. 하루 몇 분이면 충분하다
- 업그레이드 가능한 상한이 있는 오프라인 수익
- 선택적 구글 로그인과 클라우드 저장으로, 기기를 바꿔도 책상은 그대로
- Play 게임즈 업적과 누적 처리 영혼 리더보드
- 라이트 테마와 다크 테마
- 보상형 광고만 사용. 배너도 전면 광고도 없이 도장 찍기를 방해하지 않는다
- 구매는 선택 사항. 게임 안의 모든 것은 플레이만으로 얻을 수 있다

사후세계를 배경으로 한 아늑하고 풍자적인 오피스 타이쿤 게임. 줄은 문 밖까지 이어지고 영원의 시계는 멈추지 않는다. 번호표를 뽑고, 출근 도장을 찍고, 스탬프질을 시작하자."
de-DE,German,Afterlife Bureaucracy: Idle,"Idle-Tycoon im Jenseits: Seelen stempeln, Personal anheuern, offline verdienen.","Der Tod ist kein Ende. Er ist ein Aufnahmeformular. Afterlife Bureaucracy ist ein niedliches Idle-Klicker-Spiel, in dem du die himmlische Behörde leitest: Seelen abstempeln, chibi-artiges Personal einstellen, Himmel und Hölle freischalten und ein Büroimperium aufbauen, das auch verdient, während du weg bist.

TIPPEN, DANN DAS BÜRO MACHEN LASSEN
Tippe auf den Stempel, um Seelen von Hand zu bearbeiten und Karma-Credits zu verdienen. Stelle Dave den Überstunden-Sensenmann, Seraphine den Aushilfsengel und Gary den gewerkschaftlich organisierten Dämonen-Praktikanten ein, und sie stempeln für dich weiter. Jede Angestellte hat eine Tempoanzeige und ein ""x2 bei""-Ziel, sodass du immer weißt, was die nächste Einstellung bringt. Die Zahlen wachsen von Tausenden bis in die Billiarden, ganz wie es sich für ein gutes Idle-Spiel gehört.

JEDE SEELE HAT EINE GESCHICHTE
Omas, Golfer, ein Mann, der Fisch in der Büromikrowelle aufgewärmt hat, und ein Corgi, der dem Postauto einmal zu oft hinterhergejagt ist. Über 250 Seelen stehen an deinem Schalter Schlange, jede mit Gesicht, Todesursache und Anliegen. Manche davon sind Haustiere. Alle wollen die guten Plätze.

SECHS ABTEILUNGEN ZUM FREISCHALTEN
Aufnahme, Himmelszulassung, Höllen-Compliance, der Wiedergeburtsschalter, die Limbo-Aktenverwaltung und ein Anbau, den der Organigramm nicht zugeben will. Der Himmel glänzt in sanftem Sonnenlicht, die Hölle flackert mit Laternen und Glut, und jede Abteilung hat eigenes Personal, eigene Upgrades und eine eigene Meinung über die anderen.

AUDIT EINREICHEN, SCHNELLER STARTEN
Wenn das Geschäftsjahr endet, reiche ein Audit ein. Das Büro wird zurückgesetzt, du erhältst dafür Amtssiegel und gibst sie im Bonusbuch für dauerhafte Boni aus. Jeder Durchlauf geht schneller als der letzte. Später schreibt die Kosmische Umstrukturierung die Regeln des Spiels selbst um.

30 PERSONALKARTEN SAMMELN
Gib Beschaffungsgutscheine für Personalkarten aus, von Aushilfe bis Führungskraft. Duplikate leveln eine Karte bis zu fünf Sterne auf, und dein eingesetztes Personal vervielfacht alles, was du verdienst. Überzählige Kopien einer maximierten Karte lassen sich gegen eine Chance auf höhere Seltenheit eintauschen. Ein kostenloser Zug pro Tag, und alle Quoten sind in der App einsehbar.

OFFLINE VERDIENEN, SELBST IM SCHLAF
Schließe die App, und das Personal arbeitet offline weiter. Komm zurück zum Nachtschicht-Rückstandsbericht, einem Stapel bearbeiteter Seelen plus einer optionalen Werbung, um ihn zu verdoppeln. Tägliche Aufgaben, Login-Serien und 80 Erfolge halten den Papierkram am Laufen.

SPIEL AUF DEINE ART
- Idle-Tempo, das deine Zeit respektiert: ein paar Minuten am Tag reichen
- Offline-Einnahmen mit einem aufrüstbaren Limit
- Optionale Google-Anmeldung mit Cloud-Speicherstand, damit dein Schreibtisch mit dir umzieht
- Play Games-Erfolge und eine Bestenliste für lebenslang verarbeitete Seelen
- Helles und dunkles Design
- Nur belohnte Werbung. Keine Banner, keine Interstitials, nichts, was einen Stempelvorgang unterbricht
- Käufe optional; alles im Spiel lässt sich auch durch Spielen verdienen

Ein gemütlicher, satirischer Büro-Tycoon im Jenseits für Fans von Idle-Spielen, Klickern und Incremental Games. Die Schlange reicht bis vor die Tür, und die Ewigkeit läuft weiter. Zieh eine Nummer, stempel dich ein und fang an zu stempeln."
es-419,Spanish (Latin America),Afterlife Bureaucracy: Idle,"Clicker idle del más allá: sella almas, contrata personal y gana offline.","La muerte no es el final. Es un formulario de admisión. Afterlife Bureaucracy es un tierno juego idle donde manejas el servicio civil celestial: sellas almas, contratas personal chibi, desbloqueas el Cielo y el Infierno, y haces crecer un imperio de oficina que sigue generando ganancias aunque no estés jugando.

TOCA Y DEJA QUE LA OFICINA TRABAJE
Toca el sello para procesar almas a mano y ganar Créditos de Karma. Contrata a Dave, el segador de horas extra, a Seraphine, la ángel temporal, y a Gary, el pasante demonio sindicalizado, y ellos seguirán sellando por ti. Cada empleado tiene una barra de velocidad y una meta de ""x2 en"", así siempre sabes qué compra la próxima contratación. Mira los números subir de miles a cuatrillones, como debe ser en todo buen juego incremental.

CADA ALMA TIENE SU HISTORIA
Abuelas, golfistas, un señor que recalentó pescado en la oficina y un corgi que persiguió el camión del correo una vez de más. Más de 250 almas hacen fila en tu escritorio, cada una con su rostro, su causa de muerte y su petición. Algunas son mascotas. Todas quieren los mejores asientos.

SEIS DEPARTAMENTOS POR DESBLOQUEAR
Admisión, Ingreso al Cielo, Cumplimiento del Infierno, la Mesa de Reencarnación, Archivos del Limbo y un anexo que el organigrama prefiere no reconocer. El Cielo brilla con luz suave, el Infierno parpadea con faroles y brasas, y cada departamento tiene su propio personal, mejoras y opinión sobre los demás.

PRESTIGIO: PRESENTA UNA AUDITORÍA Y EMPIEZA MÁS RÁPIDO
Cuando cierra el año fiscal, presenta una Auditoría. La oficina se reinicia, acumulas Sellos Departamentales y los gastas en el Libro de Beneficios en bonificaciones permanentes. Cada partida es más rápida que la anterior. Más adelante, la Reestructuración Cósmica reescribe las reglas del juego mismo.

COLECCIONA 30 TARJETAS DE PERSONAL
Gasta Vales de Requisición en tarjetas de personal, de Temporal a Ejecutivo. Los duplicados suben de nivel una tarjeta hasta cinco estrellas, y el personal equipado multiplica todo lo que ganas. Las copias sobrantes de una tarjeta al máximo se pueden cambiar por una oportunidad de conseguir una rareza mayor. Una tirada gratis cada día, y las probabilidades completas están publicadas en la app.

GANA OFFLINE, INCLUSO MIENTRAS DUERMES
Cierra la app y el personal sigue trabajando offline. Vuelve y revisa el Reporte de Rezago Nocturno, un montón de almas procesadas y un anuncio opcional para duplicarlo. Tareas diarias, rachas de inicio de sesión y 80 logros mantienen el papeleo en marcha.

JUEGA A TU MANERA
- Ritmo de juego idle que respeta tu tiempo: bastan unos minutos al día
- Ganancias offline con un límite mejorable
- Inicio de sesión opcional con Google y guardado en la nube, así tu escritorio te sigue a un teléfono nuevo
- Logros de Play Games y una tabla de líderes de almas de por vida
- Tema claro y oscuro
- Solo anuncios con recompensa. Sin banners, sin interstitials, nada que interrumpa un sello
- Compras opcionales; todo en el juego se puede conseguir jugando

Un tierno tycoon de oficina, satírico, para fans de los juegos idle, los clicker y los incrementales. La fila llega hasta la puerta y la eternidad está fichando. Saca un número, marca tarjeta y empieza a sellar."
pt-BR,Portuguese (Brazil),Afterlife Bureaucracy: Idle,"Clicker idle do além: carimbe almas, contrate equipe e ganhe offline.","A morte não é o fim. É uma ficha de admissão. Afterlife Bureaucracy é um fofo jogo idle em que você comanda o serviço público celestial: carimba almas, contrata uma equipe chibi, desbloqueia o Céu e o Inferno e faz crescer um império de escritório que continua rendendo mesmo enquanto você está longe.

TOQUE E DEIXE O ESCRITÓRIO TRABALHAR
Toque no carimbo para processar almas na mão e ganhar Créditos de Carma. Contrate o Dave, o ceifador que vive na hora extra, a Seraphine, anja temporária, e o Gary, o estagiário demônio sindicalizado, e eles continuam carimbando por você. Cada funcionário tem uma barra de velocidade e uma meta ""x2 em"", então você sempre sabe o que a próxima contratação compra. Veja os números subirem de milhares a quatrilhões, como todo bom jogo incremental deve fazer.

CADA ALMA TEM UMA HISTÓRIA
Vovós, golfistas, um homem que esquentou peixe no micro-ondas do escritório e um corgi que perseguiu o carro do correio uma vez a mais. Mais de 250 almas fazem fila na sua mesa, cada uma com um rosto, uma causa da morte e um pedido. Algumas são bichos de estimação. Todas querem os melhores assentos.

SEIS DEPARTAMENTOS PARA DESBLOQUEAR
Triagem, Admissões do Céu, Conformidade do Inferno, a Mesa de Reencarnação, Registros do Limbo e um anexo que o organograma finge não conhecer. O Céu brilha sob luz suave, o Inferno tremula com lanternas e brasas, e cada departamento tem sua própria equipe, upgrades e opinião sobre os outros.

PRESTÍGIO: ABRA UMA AUDITORIA, COMECE MAIS RÁPIDO
Quando o ano fiscal fecha, abra uma Auditoria. O escritório reinicia, você acumula Selos Departamentais e os gasta no Livro de Vantagens em bônus permanentes. Cada rodada é mais rápida que a anterior. Mais adiante, a Reestruturação Cósmica reescreve as regras do próprio jogo.

COLECIONE 30 CARTAS DE FUNCIONÁRIOS
Gaste Vales de Requisição em cartas de funcionários, de Temporário a Executivo. Duplicatas sobem uma carta até cinco estrelas, e a equipe equipada multiplica tudo o que você ganha. Cópias extras de uma carta no máximo podem ser trocadas por uma chance de raridade maior. Um puxão grátis por dia, e as chances completas estão publicadas no app.

GANHE OFFLINE, ATÉ ENQUANTO VOCÊ DORME
Feche o app e a equipe continua trabalhando offline. Volte e confira o Relatório de Backlog Noturno, uma pilha de almas processadas e um anúncio opcional para dobrar o total. Tarefas diárias, sequências de login e 80 conquistas mantêm a papelada em movimento.

JOGUE DO SEU JEITO
- Ritmo idle que respeita seu tempo: alguns minutos por dia já bastam
- Ganhos offline com limite que pode ser melhorado
- Login opcional com o Google e save na nuvem, para sua mesa te seguir até um celular novo
- Conquistas do Play Games e um ranking de almas processadas na vida toda
- Tema claro e escuro
- Só anúncios recompensados. Sem banner, sem interstitial, nada que interrompa um carimbo
- Compras opcionais; tudo no jogo pode ser conquistado jogando

Um tycoon de escritório fofo e satírico para fãs de jogo idle, clicker e incremental. A fila dá volta no quarteirão e a eternidade está batendo o ponto. Pegue uma senha, bata o ponto e comece a carimbar."
fr-FR,French (France),Afterlife Bureaucracy: Idle,"Clicker idle de l'au-delà : tamponnez des âmes, gagnez hors ligne.","La mort n'est pas la fin. C'est un formulaire d'admission. Afterlife Bureaucracy est un jeu idle mignon et satirique où vous dirigez la fonction publique céleste : tamponnez des âmes, embauchez du personnel chibi, débloquez le Paradis et l'Enfer, et développez un empire de bureau qui continue de rapporter même sans vous.

TAPOTEZ, PUIS LAISSEZ LE BUREAU TRAVAILLER
Tapotez le tampon pour traiter les âmes à la main et gagner des Crédits de Karma. Embauchez Dave, le faucheur toujours en heures sup, Seraphine, l'ange intérimaire, et Gary, le stagiaire démon syndiqué, et ils continueront de tamponner pour vous. Chaque employé a une barre de vitesse et un palier ""x2 à"", pour toujours savoir ce que rapporte la prochaine embauche. Regardez les chiffres grimper des milliers aux quadrillions, comme tout bon jeu incrémental qui se respecte.

CHAQUE ÂME A SON HISTOIRE
Des mamies, des golfeurs, un homme qui réchauffait du poisson au micro-ondes du bureau, et un corgi qui a poursuivi le camion du courrier une fois de trop. Plus de 250 âmes font la queue à votre bureau, chacune avec un visage, une cause de décès et une requête. Certaines sont des animaux. Toutes veulent les meilleures places.

SIX SERVICES À DÉBLOQUER
Admission, Accueil du Paradis, Conformité de l'Enfer, le Guichet de Réincarnation, les Archives des Limbes, et une annexe que l'organigramme préfère ne pas reconnaître. Le Paradis baigne dans une lumière douce, l'Enfer vacille sous les lanternes et les braises, et chaque service a son propre personnel, ses améliorations et son avis sur les autres.

PRESTIGE : DÉPOSEZ UN AUDIT, REPARTEZ PLUS VITE
Quand l'exercice fiscal se termine, déposez un Audit. Le bureau redémarre, vous accumulez des Sceaux Départementaux et les dépensez dans le Registre des Avantages contre des bonus permanents. Chaque partie va plus vite que la précédente. Plus tard, la Restructuration Cosmique réécrit les règles du jeu lui-même.

COLLECTIONNEZ 30 CARTES DE PERSONNEL
Dépensez des Bons de Réquisition sur des cartes de personnel, de Intérimaire à Cadre. Les doublons font monter une carte jusqu'à cinq étoiles, et le personnel équipé multiplie tous vos gains. Les copies en trop d'une carte au niveau maximum peuvent être échangées contre une chance d'obtenir une rareté supérieure. Un tirage gratuit chaque jour, et les probabilités complètes sont publiées dans l'appli.

GAGNEZ HORS LIGNE, MÊME PENDANT VOTRE SOMMEIL
Fermez l'appli et le personnel continue de travailler hors ligne. Revenez consulter le Rapport de Retard Nocturne, un tas d'âmes traitées et une pub optionnelle pour le doubler. Tâches quotidiennes, séries de connexion et 80 succès font tourner la paperasse.

JOUEZ COMME VOUS VOULEZ
- Un rythme idle qui respecte votre temps : quelques minutes par jour suffisent
- Des gains hors ligne avec un plafond améliorable
- Connexion Google en option avec sauvegarde cloud, pour que votre bureau vous suive sur un nouveau téléphone
- Succès Play Games et classement des âmes traitées à vie
- Thème clair et sombre
- Uniquement des pubs récompensées. Pas de bannières, pas d'interstitiels, rien qui interrompe un tampon
- Achats optionnels ; tout dans le jeu peut être obtenu en jouant

Un tycoon de bureau mignon et satirique pour les fans de jeux idle, de clickers et de jeux incrémentaux. La file déborde jusqu'à la porte et l'éternité pointe au badgeuse. Prenez un ticket, badgez, et commencez à tamponner."
